"0","tamaramorrison@hotmail.com","pbkdf2:sha256:260000$1r0Oq5S6Ab5bCHUw$4ce9afde0993fd52317a8bc9b02ed2fd0c0a20affe15cb0a26248937c787a29c","Gary","Cross"
"1","martha10@hotmail.com","pbkdf2:sha256:260000$4sgynNenGMkftaai$82c99e5c02afb6a5a7b436e5f675c69af35981267315ea2128883149fe4dfd79","Denise","Thornton"
"2","deborah64@gmail.com","pbkdf2:sha256:260000$np4EIFv9zShPq2mU$e2f75c1a5bcbeed4915e7537b1e3f6b140887ed90bcc671ac3868d8b04c9a8a4","Jeanne","Green"
"3","franklinjames@yahoo.com","pbkdf2:sha256:260000$OVoAKXYMMmP6He2w$a7f91819cb3b7943c8a9b2fba1bc4bd77fef3a561f082dcb459acd1616314d8a","John","Hoffman"
"4","samanthasims@yahoo.com","pbkdf2:sha256:260000$p4taaQljh73Oo2cK$f00b8e2a36ce54b9d606b8d759c00fc27d2fe156f9b2d2ffc66c25dfa5cd011a","Timothy","Parker"
"5","taguilar@hotmail.com","pbkdf2:sha256:260000$kezJC2HZO7Me8E1u$7f0b4a0ec43dcbcf9477c4c2dad5852731a3f325420e5803677e30b89cd0c99a","Linda","Freeman"
"6","georgedavid@yahoo.com","pbkdf2:sha256:260000$3sbesKKbnwfUBPnw$54d3db37b6c9abcde53c866b648b9541e3991095b942cd670febbb67c02c9ac7","Sandra","Brown"
"7","chad50@yahoo.com","pbkdf2:sha256:260000$vOy5PKJ2LUwUl8j1$ab54c8da6822e5e2a6345bdc65514a3b00f0589a1b3dc31e997b0fc6b5980412","Paula","Wilkerson"
"8","jyang@hotmail.com","pbkdf2:sha256:260000$at7jy07Zj2LTQI8U$897ad74e009cbfa760ac45d8e0841a5857ddd662780ca7c7fb7a4c3e21b60b2c","Willie","Garcia"
"9","bramirez@gmail.com","pbkdf2:sha256:260000$9Kyc5qYUqEyqoOlA$132b1eb2163127a6cdeb167f5d205a3e702d6e703cd3d84a5f9b2d92577abe57","Michael","Montgomery"
"10","kellypeter@gmail.com","pbkdf2:sha256:260000$QCFdSngocAbraM5a$1d55d39ccb2e650317627f6e8d4eca065d2086796a45ba7d8017798791fc10b4","Melissa","James"
"11","tarasanders@gmail.com","pbkdf2:sha256:260000$dGkg9HLDs90Ss0wh$4cbdd1a87d4cc67968cace0b5077ae695d7accd2bb0595eb5135a69015a94ead","Lisa","Bush"
"12","virginia18@yahoo.com","pbkdf2:sha256:260000$WkePPkZlOQ8k2EwI$c01cc14fa1083dc0a1738b1efdba004c2b4ada420ab05a1b638a5ae2e4c80a31","Bruce","Miller"
"13","jensenanthony@hotmail.com","pbkdf2:sha256:260000$N5Axlex7T7lezq85$67872d9f4e12faa6011dc92e012e09cbf3a7aba096bc42c41ab311417e665869","Mark","Burnett"
"14","kmalone@gmail.com","pbkdf2:sha256:260000$dFs7gHeGueOFMLVU$6b5ce365599a395ba99e39c1a175016adb2373451ca7f2bd6777a05599643395","Courtney","Valdez"
"15","kingerin@hotmail.com","pbkdf2:sha256:260000$YLgaJAcDl597yCF8$499150139ae023346b6029ecfce80d248fd9a44a94685593ab3429d3c1b55460","Henry","Moss"
"16","meganbrady@gmail.com","pbkdf2:sha256:260000$E6bUpQBa2dariDD9$8380adb4be1636fcac1de70a2bef13b2f8036e7607e245fbf92c31ccfb6e0889","Amy","Fowler"
"17","kgomez@gmail.com","pbkdf2:sha256:260000$Z8qVzPbnNbDfYOke$269f6239bdf2447edf2da0ad57d5f7c2935921acc937fe2e5b69c75ea701452f","Tammy","Reilly"
"18","thomaspeters@hotmail.com","pbkdf2:sha256:260000$Dtz2A8Z3TzcNHOSW$7342af95445c4535211d29f637d1f3a0f1995ba44d52d4fed3a9cf9532734272","Robin","Harris"
"19","susan06@yahoo.com","pbkdf2:sha256:260000$2Vg6vv0wOMdvGzkm$7968d38cc6eeaf2b7df0269221025969adb21ec1f0c501424400c93722a13af3","Jared","Vaughn"
"20","william86@gmail.com","pbkdf2:sha256:260000$XHaAIR0HA0n0Ow2T$c618d3fdb6c1443382f35816b7c0eb22597f599d597a1ec35a5219102b533634","Lauren","Mcdaniel"
"21","michaelanderson@hotmail.com","pbkdf2:sha256:260000$hoEDCWtdGr4ka3JU$faed5c909cb9554d12082ca25a973d2fbfd72d6c6e6d0adcfc209ffa5d1845d8","Brian","Richardson"
"22","deleonwilliam@gmail.com","pbkdf2:sha256:260000$MyLOtXQuFDNVQjbd$39e85e1babf58784b7de6ab2aabf42e09b1714e16a11645db0b33936a5ab76cc","Maria","Harris"
"23","joshua07@yahoo.com","pbkdf2:sha256:260000$OHnQCtidfuwItYtg$f0b88e33c73b980c26483d1d4ee8159f7112c12f4a99631b6d1d3df7f016bb2a","Heather","Davis"
"24","leonardsutton@gmail.com","pbkdf2:sha256:260000$iZb0hDHlpS71K4BX$c18a5d73f499de30208f37682ea4b455401e4939118eb081bdc3d2a6d3379cf8","Patrick","Spears"
"25","hromero@hotmail.com","pbkdf2:sha256:260000$kCeR9y33tPw6f7MY$aaef9464b38e26f7a53af26d694485ff8fd622f7726e5e681055c4a3143abb81","Debra","Aguilar"
"26","angela30@gmail.com","pbkdf2:sha256:260000$HLYG4Mp7Ot3SGLur$79b82e201a6a15e04f455730bf92a2da9c60a9c3d21ee6c7ab97fe5601fe663f","Cody","Crawford"
"27","ygraham@hotmail.com","pbkdf2:sha256:260000$c8bWIZG99L4QIp7m$bbd6dd48d2c84593d0f796b61b201e8199708172c382f82dff1493b050ee5a2c","Cynthia","Faulkner"
"28","millerlori@yahoo.com","pbkdf2:sha256:260000$YMcRnee0SIiKEAKG$9a88dcf3291fbd8c5e72d8f409432c82a2f466ab5fba65f0558b2db9d20a2e43","Kelly","Casey"
"29","pmartinez@yahoo.com","pbkdf2:sha256:260000$mPLmsbZung9DoHjb$1b375af6b12435ac69ae389c3eadcb47207043cea7fc7b0da616953483f032ab","Thomas","Patel"
"30","stafforderic@gmail.com","pbkdf2:sha256:260000$wTYaBG7pRAEY9KJM$8dc5d3f31f58b1e556c01072c5215479771b26f3c00562e9a2559968f0d025f8","Johnny","Martinez"
"31","smithsabrina@gmail.com","pbkdf2:sha256:260000$aj3KKKawMauRwZPr$affd00fa6893cccc626692172648f703d93bdf4b0ff4bbbae665203cd4e505c4","David","Turner"
"32","rmiranda@hotmail.com","pbkdf2:sha256:260000$c3fDqBfETKqaZalp$01455669e1c208425f2d2e6675e13917da6f83c404e95940f0b7854a019e0ad7","Evelyn","Hendricks"
"33","millersamuel@yahoo.com","pbkdf2:sha256:260000$F5yRMK09eT4FOpeW$68cd769f1dfd3e94131a73b3b5541e005715d97ee308e4b2f3a6bd2690d8d64c","Paula","Walter"
"34","cherylstewart@yahoo.com","pbkdf2:sha256:260000$hOwhcgWXL8nAuOJt$30d18389bd1189cc0aeb66219ed0e6ccf0b94088029eb17bc1cb892c3debf423","Derrick","Webb"
"35","santanajimmy@gmail.com","pbkdf2:sha256:260000$XPu3UFNynPd7259f$1289304ea0fe28d154eb39fd50d23d8765c053efa24faa155d6f2c7411ea7104","Patrick","Graves"
"36","stephenbeck@yahoo.com","pbkdf2:sha256:260000$RDows9heDSSKVNTE$1e15e28826a2fb364b0e6a76cafdb87fac934955e2c2f3cbb8daa0b6f14bf9eb","Leah","Bell"
"37","palmercassandra@hotmail.com","pbkdf2:sha256:260000$RHP4AM3ow1h79qNb$c8e8106b2fb7ca27142e33dd24a6b0a302464fc097d9982d046d7c8fbd99a36b","Dalton","Fritz"
"38","alisongreer@yahoo.com","pbkdf2:sha256:260000$lccDWze36btpZq9Q$c43d9fe97cecf76ee04f235726d9b840a6e1ba82cc66e86da6eaf5ffc855e0eb","Madeline","Stevenson"
"39","jasondavis@hotmail.com","pbkdf2:sha256:260000$fTOQmeLCu3QraJrU$cc3b8489abbe0ed4b2fbfca773889c01c0f379dc3d1d7be0eebaa4b5b22d7931","Valerie","Charles"
"40","markchan@gmail.com","pbkdf2:sha256:260000$XEEKMfd9nHUMhTeX$4e49a3518891907d3d983477f9ea6218f401ad6a54edd8d6810e334dfa91f065","James","Scott"
"41","castroallen@gmail.com","pbkdf2:sha256:260000$T4s4ZT3NTNqQCyng$91a539300517839dc758df8fb1de72e79f5fd7df3d8245da1fda83693dd7f82b","Jennifer","Garcia"
"42","caleb01@yahoo.com","pbkdf2:sha256:260000$hPWTpPSYq63fOmD5$fe0812950914aa1d8c8b3be15752134ec0dd93038140bf6198f91c2a906dab21","Keith","Jones"
"43","guerrerothomas@hotmail.com","pbkdf2:sha256:260000$6egwAswteK8D82CX$3740401669f0e4ce8c8c37202dc4ec92f1b003e9c50b507483f2b2771f756312","Lori","Moore"
"44","allison58@hotmail.com","pbkdf2:sha256:260000$DHuica7CcMVGQSyc$f2206cce5dd90897d55dce2069325ed3d85670356f116cf790458dabf7a24d6b","Ariel","Freeman"
"45","jeremy24@yahoo.com","pbkdf2:sha256:260000$pbFiQIO64iUfI4yL$e9d33eb76748f52a773964be5c9dd3ca15f62cb0e88e69da0e851980c199f93e","Randy","Bernard"
"46","johnny46@hotmail.com","pbkdf2:sha256:260000$svhVOTTDpnwHPfEn$ef2f4b74abd0068174e10247dfa951e3e45a0f22a25743274937baa2b7f60135","Timothy","Kerr"
"47","james07@yahoo.com","pbkdf2:sha256:260000$DasGUY3u1dXo44fJ$081e60293ea2a4362f80c1db85d0cc70e80a209ffa1fe53db496985f25402fde","William","Crawford"
"48","marquezpaula@hotmail.com","pbkdf2:sha256:260000$2AZNrSQo72iZfapz$e2aa6f0151f20f97effebfcee04c87dd947f639e741d88dd0c3bdcccbaa162cb","Jonathan","Davis"
"49","josephmason@hotmail.com","pbkdf2:sha256:260000$YLZCELAofyyLcZNM$7f1c1a09b32ff7e52d5417b9121eb2de4dc666a2fdd812c9181bee2868aba654","Kathryn","Noble"
"50","richard56@yahoo.com","pbkdf2:sha256:260000$JLzTBDAmSAYxJTiq$bab4f3592ab791fe7ee3c8373ccd396635049c6f1e2b09c96bba10995d711de7","Daniel","Cortez"
"51","fosterbryan@yahoo.com","pbkdf2:sha256:260000$9h05LxLsstHsDIW0$a673b31b00415290959cae4586f60f3d6c1d7649f656c5fac6b59eae1dcd736a","Kenneth","Boyd"
"52","anthonyvincent@yahoo.com","pbkdf2:sha256:260000$55SAKARDpb1vF0OG$9074998c1dd6364dadb85c3e3220b8dab7ed386130764e229dd1fcc5fcb4c6fe","Renee","Moore"
"53","sawyersamuel@yahoo.com","pbkdf2:sha256:260000$ZvvXR1uPiQp9GC8y$2575e3e6985fbb170c1918bee826ad3ca54ab1cd7407b0292f5f66fcd802fc9e","Alyssa","Farley"
"54","gstone@yahoo.com","pbkdf2:sha256:260000$MmrzfvfpMm4kUvcK$3156c26da7521b6cf9a2b4ab2bb7befe5fff7f7dff1a383eaa8fdf4527e1d2be","Alexis","Williams"
"55","kevinflores@gmail.com","pbkdf2:sha256:260000$4OAZp7AQ7MBL0dYY$a47c6893638e00d67241ba2b761befdd15e275b0edfa5df030e59d7245b105a6","Jasmine","Castro"
"56","gordon43@hotmail.com","pbkdf2:sha256:260000$70pcdxjec8B2PtO4$edeb647a679b054bb40f319f2643541b95e11b6bbec8baa16bbe888a5e93f5b8","Joseph","Williams"
"57","kennethwashington@gmail.com","pbkdf2:sha256:260000$kTZCOKMC5CpeqQhj$b03bbadaeef8f9e63c3878f1db3d90339d379a2b860ba90de47c92def7072f6b","Jennifer","Marsh"
"58","hamiltonchristopher@gmail.com","pbkdf2:sha256:260000$4cZq0vjezMqU0nJJ$2d55f07f4aeeb97060afcd465eed9fa6cc7d4b79736c733f1abfce4c762fa0cd","Anne","Michael"
"59","nsmith@hotmail.com","pbkdf2:sha256:260000$VtFWLM3YMenWB4tO$e95e6c31bb76f340070272badd3fc679ffd567ab0328537bbf44d94007aaee72","Joshua","Duke"
"60","jennaarnold@yahoo.com","pbkdf2:sha256:260000$UQospNZoZRIUZUMk$bd227f491d3fee1bda8822a1316880531eabcd6a9a2d5f08a4ea3c7e96c2f0e5","Susan","Turner"
"61","scottzimmerman@hotmail.com","pbkdf2:sha256:260000$ZXeWE37riizVPKXw$f49e88c9053cd8e414313df963eb1b4b09a50f8d00c0fe8299c437f41cd1d26a","Julie","Dominguez"
"62","bonnie89@gmail.com","pbkdf2:sha256:260000$d13bdlSDoUpTT24Y$c75648558e1cadba8dbf654cf81c2fa764837240b79cbaf847f8e51b855fcf8e","Dwayne","Osborne"
"63","cindy30@gmail.com","pbkdf2:sha256:260000$PzkCtNp2NH3suJ4e$a69086294d4cefdf1604a0e2a266473a95c2c5d84908c4812503975dd2277d42","Antonio","Thompson"
"64","qhenderson@gmail.com","pbkdf2:sha256:260000$gjx3MYfoqgvkLiVq$87a38297112a26dc7f9aa49aeae45c9ca76d80762ff17fc73341d636f8fdf002","Yolanda","King"
"65","nancyturner@hotmail.com","pbkdf2:sha256:260000$ZRuHQvT5ubGzD04t$82bf795d7a2e67164e06ab48f2af05287f3547ad731f9062df95a7e67171be90","Richard","Woodward"
"66","bradley51@hotmail.com","pbkdf2:sha256:260000$wWhG7RV1NezwfUB5$f82af50cdf1ab9b8b79969cd8e24132ec90c388e02047ce70f9b89658157fbc7","Jeremy","Costa"
"67","matthewpetersen@hotmail.com","pbkdf2:sha256:260000$U2YCOvCm5xH4cA6C$0f791bc644c0a3b9c7702a15432a113c50da28ef9a5c3fc48e0c7c86f4e98c3c","Robert","Dunn"
"68","uhill@hotmail.com","pbkdf2:sha256:260000$j3jGBu4JAeunduUz$eba47cc55ac8bf3b09aedd739d8233e5466f2c841d5bd44a796e493e82268940","Tonya","Andersen"
"69","lisa79@yahoo.com","pbkdf2:sha256:260000$HJvNttpTGq4qJXDt$eab2e2c8f2318550d0fad0752da64b3629957ac35db10bcdc97a418c24b8b0ea","Stephen","Bernard"
"70","richardsonjerry@yahoo.com","pbkdf2:sha256:260000$iieTNOabLLaABixr$d017aa14223fd4d331d2eae2b643efb7c6ca68d69a5ec5dc2072d9ec1c901817","Amanda","Gonzalez"
"71","jmcmahon@gmail.com","pbkdf2:sha256:260000$vVJDt04Wj3mYEeDH$fc61f7144ff26803924c2c54886acf99cbf9219fb11d38f9823b4d616df58369","Jimmy","Walker"
"72","wrightkaylee@hotmail.com","pbkdf2:sha256:260000$XOkFQw5kxH1iRCNl$a9b6e06a2b1f805a93fc9e3576906e2eb81748a2bc0369d29701e50fe872c25a","Austin","Holland"
"73","danielbernard@gmail.com","pbkdf2:sha256:260000$UlqGqszjE9UvLFWc$6891dc8b340054a5f97e90efec014f50de268695c2fc2ec0820cded581d09b60","Molly","Fuller"
"74","wbrown@gmail.com","pbkdf2:sha256:260000$LVxX7o4wYZCOStvh$978d59d699d479f2097050a3932455b4a1ddd55e6cc622a712ca8ba027d0b5fd","Doris","Kaiser"
"75","ofernandez@yahoo.com","pbkdf2:sha256:260000$5MHK4qWomOaP6wDX$8a75f2a0f122ec9a4f18ede19388e9ab0665b1926e50021ff426ad3937a9759d","Tyler","Curtis"
"76","conradthomas@yahoo.com","pbkdf2:sha256:260000$xE6K8MwsX5tCRlBG$cea1c8332753108cf7c80ec1c50032eed8122025a55cd1d77b822a3611607ebd","Angela","Tucker"
"77","savannahsoto@hotmail.com","pbkdf2:sha256:260000$jrv5ea3uuiS9nBdf$8c5d61ea36b6061d63720f1ec29b10ccc8cf2edcc7cae29178de5665e4e79a32","Robert","Gould"
"78","debra49@yahoo.com","pbkdf2:sha256:260000$QrqMnwtIr5ZZYvCf$b219f1e5dfe229d5f4643900de0f250f79b5f1821aecbbc4c92ad5d972beafc1","Cody","Morris"
"79","edward63@gmail.com","pbkdf2:sha256:260000$BoDTOVXzleDDDrQ6$84087bce47dc5f517e89c2baff87372d2cc7ae9b1be27a07940fd2bbc3140199","Valerie","Jacobs"
"80","deborah77@gmail.com","pbkdf2:sha256:260000$UkBgnFuR9cpLJ5KE$80dd983b4a9121ba1e04672d3d66f49de478e84ef6da3ebb566614f821fb7201","Deanna","Holt"
"81","opoole@hotmail.com","pbkdf2:sha256:260000$ufonlLVjEU62cDhl$b41a508a6dc43820f846a1bca2a04c995a21e16a49a603188c2145427a820e7a","Larry","Palmer"
"82","dwells@hotmail.com","pbkdf2:sha256:260000$dzj1QQsdcGIud0SH$4afedfaf9d4de424ff79483da877ab6fa484f865d8b5e64d96447792313cca13","Kristina","Higgins"
"83","qstephenson@hotmail.com","pbkdf2:sha256:260000$pa1jdtdywG0hsNTr$889723018c96ab88ee82e4a568fd21105af960a3ca765cff21742e30000f6d0c","Shawn","Matthews"
"84","jeffreysmith@gmail.com","pbkdf2:sha256:260000$YBDxT0G7ZxdsZCTB$277a33e58a41830a580371baaf7e7ec90d79ad8b65842345a884eb0c3d1e896e","Samantha","Parrish"
"85","marydaniel@yahoo.com","pbkdf2:sha256:260000$h3vUDfT4YnKExjXo$4f18665cf468d9f19345172b3a3ce52f40ba03b36617a673158ba95b505e6275","Tonya","Jacobs"
"86","jerrybrooks@hotmail.com","pbkdf2:sha256:260000$lLcmcJ5iddvWF5qj$fe76c8b11e8d17e9550ba07eaec1eb547a6fc92b620c5a1c5ecc018ebc96cecd","John","Beck"
"87","mcbridemary@gmail.com","pbkdf2:sha256:260000$n43H4oUMr4u3Yvmv$518e676fc9a75c5ba0031d5392d99445c7a9784f1d5da570c4470e578e4a9d81","Laurie","Underwood"
"88","ycolon@yahoo.com","pbkdf2:sha256:260000$fa7o8RvgzG5wxKGQ$d3542f07a6b6cdc3626b3f354466cc8e6a4fcb9626f142921d497da2141f8283","Linda","Orozco"
"89","michael74@yahoo.com","pbkdf2:sha256:260000$ucSGasP5qKooaHit$004f3e5cc247dfcdc93f4a6c17a7b32c2b162dbeab3341e404661697ca4d8b42","Kimberly","Park"
"90","dillonwest@yahoo.com","pbkdf2:sha256:260000$2xyG3td1tanKk79A$f5dd111963048392d373e9f550b649f4ffbfb8be2ce55c274e04fec228c0aebb","Cynthia","Lyons"
"91","sarabender@hotmail.com","pbkdf2:sha256:260000$aZVtg3WGnxm5KDez$637f1cc570c1dcc0333c76d56818824d3cf8721b186207c44baa0285945f2e75","Daniel","Hall"
"92","jeremy83@hotmail.com","pbkdf2:sha256:260000$c9anUNlIuU60blvu$083fb3c0ec4a53bb8ef12d157a3dd60fcf6639a23c77fdd0421b54f65817c575","Spencer","Duncan"
"93","jonathan73@yahoo.com","pbkdf2:sha256:260000$YMFkEBzJaVU3UCxu$ebce3da2831c70189a1eafa4f33d8f3f79df0b14de1830d67923cc66c13e6d51","Cheryl","Acosta"
"94","alexandramitchell@gmail.com","pbkdf2:sha256:260000$xiiab2c4l5fRj5FQ$04e5987368d6079ffdc5305ad9fd619931cade5ce45f2f30c317b2c46111e0b0","Matthew","DDS"
"95","mathew17@hotmail.com","pbkdf2:sha256:260000$T0FL506ZjPvw2cQQ$ee23e624b7b06cb99140a23cd8a484b1b9db588ab408914456462e94632eb8f4","Angela","Peterson"
"96","pgriffin@yahoo.com","pbkdf2:sha256:260000$Fx1Him7WbjtvZEY9$db5d1f05cd21033538bc764bc8b83a60b7a05d2e5588923f3b5b1a738d434a26","Adrienne","Friedman"
"97","kennethwilliams@gmail.com","pbkdf2:sha256:260000$saQahEDPShICWSqD$f284c96a1064a5ed0cfb56b4aaf53da4b6ad5b34ba2755165e181c480e99ddaa","Donald","Thompson"
"98","shawnharris@gmail.com","pbkdf2:sha256:260000$faYxirpY36t7Azxb$a31a9f107a30afb723f079bb5dca1ed3079c674839427cfc9d5bbb13e52f3504","Bryan","Scott"
"99","danieltucker@hotmail.com","pbkdf2:sha256:260000$GZc4V4lMbFcXzqsB$5440dbd4b23376ad5f89466c9661f06634c7316c35b239b7686598e952f49969","Jessica","Miller"
