0,Gather Support (1),Draw 1 card from hand.
1,Gather support (2),Draw 2 cards from hand.
2,Gather support (3),Draw 3 cards from hand.
3,Proof (1),Decrease opponents mana by 1.
4,Proof (2),Decrease opponents mana by 2.
5,Proof (3),Decrease opponents mana by 3.
6,Aura (1),Decrease opposing cards' attack by 10.
7,Aura (2),Decrease opposing cards' attack by 20.
8,Aura (3),Decrease opposing cards' attack by 30
9,Stench,Attacks have chance to deal additional damage.
10,GOAT Grad TA,"If ally card on field is a scientist type, increase attack by 50."
11,Lecturer,Increase own attack by 30
12,Magician's Mana (1),Increase players Mana by 1.
13,Magician's Mana (2),Increase players Mana by 2.
14,Magician's Mana (3),Increase players Mana by 3.
15,Dark Side (1),"Upon defeat of this card, decrease opposing cards health by 30."
16,Dark Side (2),"Upon defeat of this card, decrease opposing cards health by 40"
17,Strategy (1),Opponent randomly switches cards
18,Strategy (2),Player chooses which opponent card to switch
19,Initial Charge (1),"When placed, immediately deal 10 damage."
20,Initial Charge (2),"When placed, immediately deal 20 damage."
21,Initial Charge (3),"When placed, immediately deal 30 damage."
22,Thunder Paralysis,20% chance opponent cannot attack next turn
23,Shield,25% chance player takes no damage next turn
24,Fly,Player can switch out for free - no need to give up a turn
25,Mid (1),Can do 10 damage to opponent or themselves
26,Mid (2),70% chance to do 20 damage and 30% to take 10 damage 
27,Mid (3),90% change to do 40 damage and 10% to take 20 damage
28,Useless,This MonPoke has no ability
29,Intimidate (1),Card can attack an additional 30 to a card on opponents bench
30,Intimidate (2),20 + opponents highest attack on the opponent. Also do 40 damage to each of the opponents benched cards
31,Peace (1),Heal any MonPoke by 40
32,Peace (2),Heal any MonPoke by 100. 10% chance to do 200 damage 
33,Flexible (1),15% chance opponent attacks themselves
34,Flexible (2),25% chance opponent attacks themselves
35,Flexible (3),40% chance opponent attacks themselves
36,Soul (1),Decrease opponents mana by 2 and increase yours by 2
37,Soul (2),Decrease opponents mana by 3 and increase yours by 3
38,Soul (3),Lose all your mana
39,Myth,50% chance opponents card loses
40,Infinite Void,"Gojo does normal damage if weak, and opponent does not do double damage if strong"
41,Game Winner,"If the last attack leaves the opponent with 100 or less health, they are dead"
42,Thriller,Curse on opponent that doubles in damage every turn. Starts with 20 damage