0,Duke PubPol Student,Normal,,1,100,20,0,,Common
1,JD Vance,Politician,,3,300,40,1,0,Uncommon
2,Donald Trump,Politician,Celebrity,6,401,80,2,1,Rare
3,Kamala Harris,Politician,Normal,6,400,80,2,1,Rare
4,Aristotle,Scientist,,1,200,20,3,,Common
5,Newton,Scientist,,2,250,40,4,4,Uncommon
6,Einstein,Scientist,,5,350,80,5,5,Rare
7,Stanley Borden,Normal,,1,10,20,6,,Common
8,Jared McCain,Athlete,,3,350,40,7,7,Uncommon
9,Jason Tatum,Athlete,,5,400,80,8,8,Rare
10,Duke CS Student,Normal,,1,100,1,9,,Common
11,Alex Chao,Scientist,,1,10,10,10,10,Common
12,Sudeepa Roy,Scientist,,10,1000,80,11,11,Epic
13,Draco Malfoy,Magic,,2,150,30,12,,Uncommon
14,Snape,Magic,,4,300,90,13,13,Rare
15,Voldemort,Freaky,Magic,7,500,120,14,14,Legendary
16,Anakin Skywalker,Magic,,4,350,85,15,,Rare
17,Darth Vader,Freaky,Magic,7,450,125,16,16,Epic
18,Robin,Athlete,,2,200,5,17,,Common
19,Batman,Freaky,Historical,7,600,2,18,18,Epic
20,Lafayette the Mid,Historical,,1,199,10,19,,Common
21,Alexander The Great,Historical,,4,399,80,20,20,Rare
22,Napoleon Bonaparte the Emporer,Historical,,7,499,130,21,21,Epic
23,Thor,Magic,,6,700,150,22,,Legendary
24,Captain America,Athlete,Historical,6,600,130,23,,Epic
25,Iron Man,Celebrity,Scientist,6,600,110,24,,Legendary
26,Jay Z,Celebrity,,3,250,50,25,,Common
27,Eminem,Celebrity,,4,300,70,26,26,Uncommon
28,Kendrick Lamar,Celebrity,,5,350,90,27,27,Rare
29,AOC,Celebrity,Politician,1,200,20,28,,Common
30,Bernie Sanders,Celebrity,Politician,2,50,10,2,29,Common
31,Arnold Schwarzenegger,Celebrity,Politician,5,800,120,8,30,Epic
32,Pawn,Normal,,1,100,1,28,,Common
33,Bishop,Holy,,3,300,90,29,32,Rare
34,King,Holy,Magic,5,500,20,30,33,Legendary
35,Confucius,Historical,,3,200,0,31,,Uncommon
36,Buddha,Historical,Holy,6,600,0,32,35,Rare
37,Po,Normal,,2,250,35,33,,Common
38,Master Shifu,Athlete,,4,300,75,34,37,Uncommon
39,Master Oogway,Scientist,Athlete,7,450,140,35,38,Legendary
40,Blue Devil,Normal,,1,150,-10,36,,Common
41,Beezlebub,Freaky,,3,350,0,37,40,Uncommon
42,Lucifer,Holy,Freaky,6,450,170,38,41,Rare
43,Ahbab,Scientist,,1,100,60,39,,Mythic
44,Nolan,Politician,,1,100,60,39,,Mythic
45,SJ,Athlete,,1,100,60,39,,Mythic
46,Ahmad,Freaky,,1,100,60,39,,Mythic
47,Richard,Holy,,1,100,60,39,,Mythic
48,Gojo,Magic,Holy,10,700,200,40,,Relic
49,Lebron,Athlete,Holy,10,700,200,41,,Relic
51,Michael Jackson,Freaky,Historical,9,400,150,42,,Relic