0,Duke PubPol Student,Normal,
1,JD Vance,Politician,
2,Donald Trump,Politician,Celebrity
3,Kamala Harris,Politician,Normal
4,Aristotle,Scientist,
5,Newton,Scientist,
6,Einstein,Scientist,
7,Stanley Borden,Normal,
8,Jared McCain,Athlete,
9,Jason Tatum,Athlete,
10,Duke CS Student,Normal,
11,Alex Chao,Scientist,
12,Sudeepa Roy,Scientist,
13,Draco Malfoy,Magic,
14,Snape,Magic,
15,Voldemort,Freaky,Magic
16,Anakin Skywalker,Magic,
17,Darth Vader,Freaky,Magic
18,Robin,Athlete,
19,Batman,Freaky,Historical
20,Lafayette the Mid,Historical,
21,Alexander The Great,Historical,
22,Napoleon Bonaparte the Emporer,Historical,
23,Thor,Magic,
24,Captain America,Athlete,Historical
25,Iron Man,Celebrity,Scientist
26,Jay Z,Celebrity,
27,Eminem,Celebrity,
28,Kendrick Lamar,Celebrity,
29,AOC,Celebrity,Politician
30,Bernie Sanders,Celebrity,Politician
31,Arnold Schwarzenegger,Celebrity,Politician
32,Pawn,Normal,
33,Bishop,Holy,
34,King,Holy,Magic
35,Confucius,Historical,
36,Buddha,Historical,Holy
37,Po,Normal,
38,Master Shifu,Athlete,
39,Master Oogway,Scientist,Athlete
40,Blue Devil,Normal,
41,Beezlebub,Freaky,
42,Lucifer,Holy,Freaky
43,Ahbab,Scientist,
44,Nolan,Politician,
45,SJ,Athlete,
46,Ahmad,Freaky,
47,Richard,Holy,
48,Gojo,Magic,Holy
49,Lebron,Athlete,Holy
51,Michael Jackson,Freaky,Historical